word,crowd,alcohol,penetrate,atmosphere,your,partially,royalty,assignment,framework,eastern,afterwards,moment,finish,believe
policeman,similar,pray,defy,whereby,democracy,instruction,corner,hell
baby,ballot,voltage,strive,realise,enormously,hearing,cricket,arise,substance,legitimate,assure
citizenship,rid,very,some,than,museum,realistic,quantity,consumer,against,behave,publicly,salon,bat,ray,independence,successful,plea,hand,knock,coalition,model,utter,bless,depending,scatter,ambiguous,commit,abnormal
sweet,supper,measure,redundancy,stride,neatly,consequence,ice,mutation
humanity
drift
extreme
familiar,box,growing,mine,exceptional,dependence,test,or,ultimate,forum,sir,formation,princess,armed,bull,thorough,layer,weird,label,prey,resist,lively,castle,alternatively,complicated,single,straight,classical,advertisement,liver,battle,banana,chest
allegation,important,hostility,shed,read,platform,refuge,resent,war,divine,fog,memorable,tone
facility,general,meaning,appreciate,murmur,knight,encouragement,collar,halfway,ambitious,instance,reminder,traditional,speed
eyebrow,bulb,applicable,well,lecturer
smart,sell,renaissance

initiative
sphere
shall
ant
purple



faculty,novel,glad,conform,medical,kite,differ,stop,file,draw,horse,psychology,bathroom,enterprise,host,school,army,nuisance,nice,tear,strategic,immigration,cool,ban
scarcely,quid,predictable,absorb,cultural,terrorist,cautious,federal,presidency
socialist,entertain,mandatory,bulletin,sword,advocate,drown,function,everywhere,board,moon,bury,prisoner,miserable,pillow,receive,cheese,evaluation,power,quit,thin,trouser,incorporate,nerve,meanwhile,appeal,farming,pen,dealing,bar,scale,continuation,scheme,image
thick
calculation
strongly

everything
per
deliberately

merely

passive


await,difficult,frontier,character,breach,pet,ethics,adjust,special,own,indirectly,constructive,vague,absent,formerly,date,master
portable,reaction,skeleton,slide,together,oak,carpet
parent,differentiation,weather,fax,sharp,danger,rapid,conflict,neighbour,miss,inquiry,pour
without,someone,night,priority,more,urgent,enter,service,bid,ghost,coverage,the,ceremony,progressive,entire
lease,dairy,sophisticated,trivial,extensively,quantitative,random,jet,bad,winner,distant,obvious,specialise,basis,between,food,prolonged,delight,desperately,wardrobe,garment,assist,recover,fantasy,soup,forthcoming,back,probably,new,theoretical,material,coach,maintain,wrong,elected,convenient,characteristic,environmental,bill,meaningful,treatment,render,incidentally,appreciation,solo,underline,disposition,wit,concede
gospel,help,summon,society,polish,musical,neighbourhood,satellite,appointed,litigation,cable,play,lap,minority,skipper,behind,gardener,curiosity,bang
desired,argue,interactive,headquarters,trader,eagle,neighbouring,fleet,propaganda,arbitrary,weakness,alike,clinic,palace,university
seem,themselves,expansion,mass,relevant,proceeding,level,worthy,construct,butter,leg
worship,lover,paid,recording,marriage,significant,formula,literally,protein,socially,passage,incidence
democratic,cheerful,housing,protocol,climber,washing,security,inevitably,strike,ministerial,drink,alteration,seriously,determined,tissue,sufficiently,release
urban,backing,destroy,go,increase,suppress,deadly,accuse,overtake,item,circumstance,grant,cage,remove,portray,campaign,vaguely,controller
judge,bearing,motif,methodology,diversity,convict,absolute,researcher,spoken,pleasure,aim,cop,rear,count,furthermore,western,he
aircraft,dirty,invoke,frightened,vessel,station,booklet,camera,guilty,convention,constrain,reach,muscle,racism,working,boy,finished
cassette,support,mixture,sculpture,sheer,advanced,visitor,gross,high,soak,simple,confusion
paper,prone,notion,pollution,alliance,will,decay,marathon,building,fulfil,trained,conceal,furnish,throw,prevail
burning,rotation,intense,prove,sin,breakfast,flour,commentary,handful,electoral,easy,nicely,concerned,subsequently,strand
productivity,load,automatically,pool,wear,annual,script,hierarchy,division,happily,vicar,annoy,serum,living,study,tiger,subject,effect,equality
severe,enthusiasm,adjective,work,organisation,colourful,real,advertise,kingdom,verb,staff,lace,skilled,red,leaflet,veteran,cancel,championship,yep
stone,summit,toll,gown,wrap,social,foreign,curious,fuss,hat,forbid,moving,decisive,aviation,latter,hobby,village
turkey,intermediate,closure,locomotive,hot,nobody,album,origin,mineral,yes,super,therapist,exile,communication,pencil,diplomat
trainee,encouraging,fantastic,express,claim,participation,butterfly,landscape,mug,summer,arrival,dismiss,pronounce,redundant,congratulate,tease
monitor,restaurant,storm,proclaim,fury,best,yarn,enforce,net,primary,momentum,scope,mystery,pretty
dear,valuable,strange,day,processor,horizon,pressure,resource,fundamentally,up,bishop,demonstration,generation,wet
free,cheque,pal,backwards,withdrawal,choose,controversial,airport,beneath,comparison,leader,perception
relatively,short,brand,revise,repeat,kid,sticky,fancy,organise,descend
recruit,stroll,communist,tennis,workstation,relief,invite
mail,fascinating,psychiatric,inspection
expensive
director,member,age
magistrate,full-time,harm
intellectual
regarding,performer,electronics
regulation,fund
willingness
printing,abstract,cover,tender,reasonable,excessive,while,deep,cancer,save,they,representation,incredible,satisfactory
spare,bacteria,initiate,nursing,liberal,cake,sausage,revised,rightly,originate,execution,guide,parking,wish,preliminary,witness,exposure,partnership,bee
tuck,foot,wash,autonomous,editor,lemon,fit,rod,lock,pint,worse,population,continuously,opponent,grab,soccer,pin,examination,rumour,journalist,genuinely,employer,grandmother,smooth,capital
television,bureau,mixed,cousin,partly,edge,banker,burden,whichever,mortgage,rhythm,interaction,clothes,misleading,hold,punch,balanced,mosaic,active
overview,aid,sometimes,independent,landlord,brave,offender,tenant,safety,pasture,acceptance,frustrate,prosecution,detail,confrontation,cruelty,community,swap,fine,submit,guild,revenue,sand
original,sleeve,unfortunate,whatever,architecture,precaution,compete,profound,yourself,gun,sack,sea,judgement,dining,nationalism,tutor,trophy
metre,different,betray,maker,molecule,sheet,just,invention,radio,broadly,impose,density,user,swift,illness,oppose,edit,convince,cathedral,colleague,underground
walk,undertaking,candidate,tile,breast,integration,oral
acquaintance,managing,cellar,year,repayment,legislation,critic,mud,decorative,version,companion,skirt,devise,manufacture,tract,status
motor
frequency
weapon, raise, interview, dolphin, habitat, preoccupation, payment, premium
admit
slogan, primitive, roar, siege, impact, ratio, home, enormous, pie, federation, execute, surveyor, supervisor, enough, close
likewise, broad, nevertheless, friend, obstacle, team, grey, delete, cater, firstly, reward, touch, trade, composer, comply, purchaser
bowler
pause, spite, technique, contribution, genetic, shore, married, discharge, pass, example, in, sigh, illustration, trap, discard, child, sacred, hostile, movement, brick, variation, instantly, spectator, discretion, casual, essence, sit, coincidence, public, prediction, petition, classify, workforce, mole, chemist, manufacturer, death, extent, induce, secular, bowl, absorption, create, doctor, pretend, hate, circular, protective, steel, record, appoint, interesting, disrupt
from
tomorrow, suspect, pine, fig, force, flick, unwanted, rating, hover, bin, training, ruin, clarity, unprecedented, surely, music, class, anywhere, lift, unite, corresponding
frustration, shout, minor, side, apartment, occasionally, throne, orange, invitation, depression, participate, size, warrior, promptly, constituent, disciplinary, planned, revive, amid, institution, obligation, growth
pure, morale, agree, decorate, sniff, commercial, procession, slope, basement, accountant, cafe, style, limit, useless, result, supervision, athlete, towards, keeper, linger, bird
liability, restore, response, query, crash, admire, traditionally, demand, interference, conscious, pink, insider, equilibrium, secondary, uncertain, target, magic, elaborate, part, commitment
herself
silver
recognition
banking
manpower
soften
stimulate, composition, hostage, participant, negotiation, crude, park, intensify, microphone, across, career, row, outset, pan, charm, inland, wherever, added, ours, combine, suitcase, bite, dump, charge, contest, frown, fiscal, emergency, match, overnight, surprised, doubtless, removal, pub, visual, swell, economy, optional, intervention, history, human, asylum, student, parallel, surprising, fire, constitute, manifest, quite, generate, wine, promote, spectacle, tooth, heaven, pig, photographer, theology
mild, bubble, tragedy, know, vacant, blue, west, military, exercise, commissioner, myth, allied, auditor, drunk, rifle, virtual, contain, resistance, region, anniversary, practise, suppose, lunchtime
invaluable, attacker, openly, trading, mess, manner, modify, entrance, indirect, tribunal, seldom, quotation, coincide, neglect, lucky, implement, shift, tribe, manager, adverse, instant, co-operative, wartime, spy, chat, alleged, merit, protect, impress, smash, beat, kick, slip, inheritance, somewhat, alien, recovery, nasty, experience, accomplish, assert, beginning, alternative, illegal
except
again
sport
include, essentially, leading, therapy, present, country, clean, component, circulate, guest, overlook, quantum, knife, sole
infrastructure, polite, right, long-term, burn, spatial, type, owner, competitor, gear, article
rail, stall, indigenous, scramble, imagine, coordinate, actual, unfamiliar, accent, riot, commence, consume, introduction, angel, aggregate, economic
axis
unwilling
accommodate
paint
planner
appear
replacement
ahead, laser, compliance, immune, city, tune, consensus, light, institutional, consideration, distinctly, ridge, incur, foundation, uneasy, brochure
current
particle
agricultural
beard
patch
lamp
middle-class
partner
rational, quota, acknowledge, exist, depot, vote, ocean, smile, priest, point, mankind, narrow, definition
magazine
though
equivalent
dual
energy
tension
operator
depth
tolerate
critique
unionist
injury
thank
residue
innocent
run
providing
objection
charity
house
wonder
stretch
dynamic
contemplate
require
face
dinner
competence
that
default
independently
gift
herb
destination
considerable
passion
license
delegation
cost
waiting
wealthy
morning
coin
limb
audience
listen
annually
crush
noise
line
calendar
supplementary
remark
terrace
loose
co-operate
exactly
supposed
metropolitan
hypothesis
panic
indication
steward
kindly
deviation
job
popularity
artificial
membership
guideline
disclosure
infant
criticise
election
band
ultimately
perfectly
talented
locality
breakdown
politics
gall
suicide
mill
administration
brandy
sink
hunting
wife
mouth
reassure
compromise
acute
page
law
southern
related
flavour
enjoyable
dramatic
blink
physical
worker
exit
archive
satisfied
mostly
required
wolf
grow
ego
tank
accountability
premier
check
gradual
ski
wary
liquid
private
according
several
relevance
orientation
counter
gathering
stir
cure
land
fluid
mutual
wealth
reform
large-scale
bother
bullet
expand
medium
publicity
award
such
fortunate
disruption
upon
software
welcome
insight
tick
preserve
decree
fabric
making
retirement
temptation
bump
instruct
mechanism
disagreement
charter
contraction
equal
hatred
entity
bass
terror
thesis
forecast
irrespective
triangle
wholly
refugee
onwards
autonomy
treasury
tall
air
abortion
postpone
enzyme
chapel
metal
dry
motivation
pony
analyse
presently
apart
continuing
realm
transfer
ago
parish
recruitment
warm
investigation
position
stance
separation
stock
sample
wander
orthodox
man
prosecute
frankly
thought
upwards
enquiry
frequently
already
pick
complement
want
dignity
shelter
basket
hut
ample
implementation
rider
injured
correction
meet
consistent
ally
wonderful
complication
persuade
shilling
activate
damaging
partial
inhabitant
much
traffic
shade
constitution
possess
productive
possible
middle
lawn
locally
shrink
rage
census
mathematics
ambulance
respective
agreed
actor
sincerely
proportion
comfort
assembly
snow
finger
clearly
bow
vat
live
wind
colony
govern
hen
intake
capable
syntactic
ourselves
twice
membrane
reject
hospital
slight
evoke
adoption
weigh
hemisphere
spin
compile
unexpected
depend
resign
insert
contractor
lord
toilet
bloke
funny
crouch
spider
opposition
naturally
routine
implication
way
south
prevention
activist
tribute
takeover
carbon
dog
angle
revert
brass
unreasonable
velocity
complicate
drainage
syndrome
option
achievement
idea
accessible
climb
monitoring
focus
melt
lone
father
religious
seat
drug
grass
tackle
pottery
premise
nightmare
constantly
holy
spirit
rarely
pop
strong
fountain
normally
selected
detector
dull
shop
dish
velvet
complex
nod
tie
trick
mistake
stab
statue
ambition
development
vendor
investor
have
emotional
impossible
mission
wait
mainly
wheel
medicine
asleep
account
chip
ward
yacht
amateur
rehabilitation
beg
monarchy
heal
supreme
sovereignty
voice
should
liable
shell
ton
owe
heavily
ticket
raised
drop
gut
adopt
display
maid
kitchen
laugh
basically
wave
supposedly
half
shopping
site
undoubtedly
provoke
clinical
otherwise
establishment
technological
semantic
swimming
favourable
detain
grid
allowance
dwelling
suffering
enthusiast
certainty
perspective
number
union
legislative
frequent
autumn
route
biology
onion
prosperity
immediate
sway
utterly
a
disappear
disperse
where
concentrate
intend
helpful
yours
profit
calorie
eager
shoot
evident
heritage
fossil
surprisingly
index
minimum
rank
unrest
prize
leather
brush
somehow
massive
factor
restriction
garden
cry
lay
disastrous
ash
field
calculate
employment
embryo
attendance
lump
elsewhere
quick
chosen
problem
wicket
tongue
send
toward
variety
obscure
thumb
transmission
arrow
seller
trouble
chin
beneficiary
disposal
shake
lacking
sufferer
who
network
cling
personality
testament
organization
art
quietly
echo
handicap
pursue
communicate
ozone
before
caution
clause
detection
near
modern
alright
transport
bed
grain
besides
complementary
continued
opening
anonymous
albeit
unexpectedly
knitting
walking
month
soldier
them
interface
agenda
register
ambiguity
designer
rally
screening
precision
clarify
nationality
migration
creditor
fault
press
politician
strictly
excite
earl
dip
picture
whoever
twist
renew
reluctantly
demonstrate
desperate
today
curl
stumble
specimen
slam
jungle
theirs
spend
journal
spouse
mainstream
contradiction
report
whisper
conversion
builder
condemn
unable
basic
season
invasion
reckon
fatal
undertake
lounge
ballet
bear
inclined
previously
pay
propose
golf
dance
settlement
validity
adviser
cushion
not
both
timetable
can
embrace
innovation
sociology
weight
attainment
eligible
restraint
hug
organize
recommendation
storage
signal
disabled
struggle
iron
perceive
film
lighting
family
perfect
intelligence
drain
fucking
analogy
little
erect
credibility
person
consultant
marked
incapable
suspicion
disguise
remain
hungry
inadequate
explode
crime
occurrence
stitch
regardless
villa
shortly
trend
handicapped
simultaneously
grace
stolen
shape
running
determination
jam
document
behaviour
disaster
salad
into
receptor
payable
delegate
desktop
monastery
buyer
forward
bean
vocational
self
nose
fairly
actually
jail
sail
reading
miracle
translation
toxic
elephant
brain
humour
mainframe
bile
firmly
certainly
assess
gesture
professor
hedge
anxiety
keyboard
universal
finance
cruel
rent
section
omit
conceptual
inflict
thanks
detective
papal
reluctant
disturbance
offering
king
extension
leisure
yet
courtesy
either
secretary
mining
carer
reduce
fully
rich
female
terms
compensate
young
plead
silk
intelligent
glow
centre
search
demolish
normal
seal
export
unlike
allege
ambassador
fibre
merchant
deaf
pensioner
lake
exceptionally
gentleman
cigarette
highly
taxation
friendship
competition
engagement
worldwide
prop
modest
boyfriend
shrug
bitterly
civilian
tonne
plain
drum
instead
engineering
discount
it
victim
flesh
crown
dependent
accumulation
resignation
wooden
administrator
supervise
lecture
announce
lion
soft
inappropriate
better
clothing
heading
nationalist
stick
worrying
fashionable
observe
at
unlawful
x-ray
bank
efficiency
expenditure
worthwhile
within
street
dissolve
decision
goodness
belief
counsel
pipe
plus
theft
comfortable
duke
witch
expert
somewhere
god
yeah
video
group
locate
coal
honest
disclose
penny
product
generous
straw
cutting
divide
moreover
market
prevent
update
explore
birthday
degree
object
delay
verbal
chase
impulse
feather
advertising
combat
par
intent
motive
lordship
photographic
apology
central
sharply
loop
revelation
jew
uniform
probable
dependency
life
promise
motorway
integral
remember
one
amuse
represent
indicate
fertility
considering
state
breath
brigade
understand
oven
use
peasant
philosophy
technically
waste
project
thrust
bring
importantly
however
memory
determine
readily
ingredient
sensible
scandal
expose
lean
scholarship
understanding
holder
viable
application
multiple
deprivation
shut
numerous
welfare
disorder
cos
invest
minimise
monetary
mobile
period
hunter
could
people
restoration
crystal
busy
safe
court
appointment
corporate
huge
nature
celebration
noisy
freedom
rest
how
infection
nucleus
maturity
horror
slim
toe
lesson
interrupt
valley
launch
all
stool
video-taped
catch
knee
motion
coffee
choir
insect
texture
array
cargo
evil
describe
big
road
upper
signature
spit
effectiveness
border
dollar
extend
sunlight
manual
government
irony
amendment
input
motorist
column
contrast
briefly
make-up
analyst
divorce
regularly
motivate
operating
flock
entirely
medieval
moan
dot
cliff
scar
equity
documentation
pioneer
compatible
clue
when
thus
specific
adaptation
wrist
donor
suck
extra
morality
set
floor
unhappy
additional
town
conspiracy
contractual
suspension
strict
print
fiction
build
startle
multimedia
finding
effort
industrial
booking
old-fashioned
van
especially
t-shirt
hard
installation
pack
capitalist
photography
inch
recognize
mouse
embark
dock
tyre
adapt
guerrilla
as
graduate
railway
funeral
thigh
dash
calcium
fridge
take
magical
ministry
strengthen
intention
philosophical
registration
plate
vigorous
engage
upgrade
unnecessary
painful
psychological
unit
socket
reproduction
aesthetic
competitive
lead
map
tactic
trust
opera
whether
institute
beside
majesty
steep
aggression
recorder
manufacturing
hall
base
holly
excited
shaft
leap
arm
governor
pride
accord
anticipate
wool
forestry
bread
consistently
full
addition
collaboration
formal
each
sign
modification
invent
draft
chance
to
toss
ruler
cycle
tremble
memorandum
scrutiny
extensive
cylinder
unfair
feminist
keep
revision
evidently
detailed
negligence
damp
frog
mood
prayer
accordingly
loyalty
publisher
news
relate
competent
organ
bomb
uncertainty
open
get
any
circulation
forwards
medal
coup
prestige
possession
owl
handsome
stake
faithful
amazing
doctrine
plug
admission
pregnancy
around
instinct
outlet
mutter
restricted
crack
environment
inherent
passionate
misery
doubtful
impressive
reserve
mad
orchestra
retired
youngster
basin
brown
labour
rabbit
popular
remarkably
gig
rope
handle
allocation
party
engine
minister
flow
colonial
anger
desk
borough
distinctive
debate
beam
accompany
dead
mains
omission
needle
halt
circuit
headmaster
clock
magnitude
collection
trip
bottom
theatre
pulse
earning
demonstrator
parental
workshop
regret
ending
bare
note
presidential
listener
fame
puzzle
plant
missing
teach
wake
fast
notebook
greenhouse
assertion
context
compensation
valuation
citizen
bicycle
careful
restrictive
shocked
sadly
deer
technical
delightful
last
button
follow
wildlife
shortage
negotiate
manage
probability
teaching
vocabulary
occasional
interval
rugby
noble
counterpart
anxious
personally
defect
clever
capture
spiritual
rely
bright
assign
technology
friendly
broker
greet
revolution
suspicious
principally
complain
expression
conclude
meal
recreation
bonus
killer
inherit
talent
absolutely
advance
keen
policy
hook
necessity
permission
hardly
scientific
ever
irrelevant
succession
jewel
stress
revenge
similarity
justification
capacity
detect
due
sterling
tradition
immigrant
concerning
machinery
production
offensive
gallon
accurate
police
definitely
separate
divert
enquire
notorious
tragic
affection
ye
queue
fusion
chancellor
distance
opposed
civil
individual
emergence
statistical
frozen
prospective
confirm
convenience
correlation
shit
warehouse
situate
feature
harsh
allow
birth
disagree
fellow
terrible
holiday
her
tempt
dedicate
paragraph
retrieve
working-class
poet
guidance
chalk
deteriorate
lesser
aloud
darkness
farm
bankruptcy
illusion
efficiently
association
elegant
pope
custody
county
goalkeeper
stupid
flush
mobility
die
action
rocket
excess
syllable
bottle
hear
small
package
happy
probe
differential
luck
quiet
rat
respond
pudding
steal
next
step
diet
argument
switch
dressing
hit
east
interest
root
we
fuel
separately
principal
clerk
exception
yard
lender
complete
hill
sodium
polytechnic
serious
parade
share
slump
gang
ring
sociological
shirt
contract
instal
deploy
enclose
contribute
selection
devote
banner
description
serve
unemployment
pest
itself
constitutional
assemble
coastal
shelf
expected
scholar
eternal
yellow
fever
specified
anybody
solve
eliminate
inquest
distress
northern
dine
wildly
patrol
colonel
bible
investigator
deserve
good
useful
weed
dragon
jockey
minimal
furious
large
personnel
nomination
tourist
vegetation
boast
ride
benefit
eye
responsible
mean
associated
ear
percentage
fish
kettle
apparatus
transformation
convert
post-war
widely
mid
aged
synthesis
drill
arc
settle
case
ruling
predominantly
gradually
decrease
countryside
whose
diverse
experimental
shoe
beautifully
inequality
exam
landowner
slab
territory
revolutionary
handy
consult
quickly
superior
ulcer
poster
century
hastily
pedestrian
mix
trustee
inspect
letter
sky
envelope
naval
cross
belt
daughter
awake
ancient
woman
inspiration
breeding
consumption
outer
creative
varied
deputy
cease
coherent
dose
viewer
regional
recycle
fan
burial
screw
cold
sun
arena
information
experiment
boundary
bride
hesitate
term
producer
musician
swear
shock
specialist
similarly
kiss
improved
regiment
mode
comparable
core
shot
chair
apparent
phase
hence
surround
remote
hurry
cite
try
carrier
corn
propos
pull
confuse
fill
these
virtually
daylight
gene
frighten
excellent
thief
supplier
profession
bundle
beautiful
flat
linear
harvest
custom
combined
hotel
understandable
mark
lamb
brilliant
unemployed
retain
lovely
advise
curve
speak
mother
threat
stage
module
denial
magnificent
catalogue
make
craft
blonde
classification
neat
fling
responsibility
square
curiously
trunk
prominent
thinking
girl
summary
round
clerical
flight
broken
chocolate
remedy
educational
peculiar
evolutionary
faint
specifically
belly
underlying
criterion
confess
ion
counselling
bag
commission
aside
lick
begin
employee
spontaneous
clay
positive
functional
interfere
off
intensity
imprisonment
agriculture
armchair
robbery
retreat
late
lately
dioxide
fail
balance
yield
casualty
connect
sex
wise
encounter
also
tense
commonly
tablet
tonight
disease
subsidy
driver
speculation
consortium
quarry
pill
sideways
grief
peer
satisfy
wisdom
gasp
sock
villager
sound
direction
proceed
difficulty
dividend
multiply
arrange
trait
arrive
dress
management
cup
drag
boxing
tiny
controversy
spending
fishing
develop
organiser
ribbon
fur
contemporary
statistics
lad
appraisal
striking
tower
found
footstep
access
ideology
equation
cupboard
window
act
sort
distributed
nearby
shame
corridor
learner
retention
continuity
evolve
same
hardship
injection
joy
breeze
slice
lid
erosion
find
cab
abandon
garlic
episode
supply
ascertain
saint
extract
below
audit
marginal
downstairs
underneath
location
prompt
plaintiff
matter
length
depict
warranty
scared
imply
sensation
learning
politically
precise
port
plausible
innocence
cook
skill
concert
interior
timing
risk
stocking
religion
teacher
couple
homosexual
criticize
symbol
assume
transform
mechanical
straightforward
chain
preference
municipal
guess
sheep
wording
an
poverty
venue
diagram
forever
debt
heroin
movie
program
farmer
weaken
conception
borrow
horn
humble
rain
estimated
rude
republic
defensive
marry
giant
classic
combination
steer
individually
fewer
walker
sanctuary
towel
rising
exemption
praise
litre
honestly
blow
lonely
meantime
philosopher
money
lab
nursery
lady
then
obviously
newcomer
cave
embarrassment
dispute
incident
upstairs
excitement
publication
dare
relation
exploitation
bake
hair
march
defence
managerial
future
jury
odd
whisky
retire
clearing
professional
discipline
forge
biscuit
equip
dominant
conclusion
essential
nephew
preferred
grouping
talking
hidden
currency
interpretation
bureaucratic
appalling
reluctance
extremely
certain
mountain
avoid
seek
auction
boss
foster
respondent
lawyer
habit
smoothly
ordinary
insist
bacon
blanket
established
inhibit
dramatically
second
heel
collect
typical
encourage
exciting
variable
soap
amp
grim
loudly
relax
domestic
crazy
noticeable
enforcement
measurement
mould
justice
translate
bedroom
exploration
heating
overall
swing
bind
prefer
confine
pepper
accident
vehicle
quote
commander
every
sensitive
exaggerate
spectrum
bend
recent
arrangement
fringe
prevalence
sediment
steam
address
constituency
minus
facilitate
positively
talk
seed
administer
do
hey
bench
bulk
tool
enjoyment
creep
rubber
knot
generally
grind
rate
flag
stiff
pair
instrumental
rack
fortune
squeeze
terrify
amend
wound
relationship
threaten
goal
gay
anything
total
rapidly
midnight
reply
splendid
regulatory
stay
fence
refuse
regular
involve
literary
repetition
and
reign
furniture
endorse
substantially
remainder
trigger
weekly
poison
oxygen
block
freely
collective
unclear
sufficient
rise
table
investment
unusually
suggest
elderly
designate
workplace
united
ethical
answer
what
attach
famous
communism
bike
compound
totally
discrimination
varying
jacket
forget
ought
notable
dimension
wheat
formulate
strangely
derive
utterance
dominate
laughter
shiver
fragile
legend
dream
cause
programming
legally
forehead
diary
altar
practical
message
offence
shadow
church
beer
desire
early
gap
resort
ethnic
immense
eventual
reservation
petty
aunt
crew
rice
chief
compute
link
succeed
supporter
drama
improve
permit
accumulate
saving
bone
imaginative
provision
innovative
theory
transaction
affair
binding
involvement
daily
avenue
receipt
identify
revival
hello
alter
activity
direct
behalf
survive
double
unchanged
sight
suggestion
diplomatic
nitrogen
architectural
scream
meeting
hectare
rescue
thoroughly
knowledge
coast
amongst
questionnaire
councillor
rob
parliamentary
blessing
glory
lightly
mathematical
feeling
sandwich
fisherman
domain
departmental
become
absurd
undergo
recipe
diagnose
warn
dirt
often
outside
devil
symptom
sense
treasure
servant
so
appendix
acid
raid
expect
cultivate
vitamin
failure
piano
now
further
atomic
withdraw
purpose
yesterday
monarch
setting
apple
confidence
inflation
qualify
install
smell
outdoor
punishment
clearance
reproduce
afternoon
racial
copper
tough
via
disc
cart
regain
attain
gold
me
upset
evaluate
research
reader
abolish
there
event
elite
add
congregation
somebody
neck
identical
highway
empirical
confer
joint
sergeant
sector
juice
egg
entitlement
newspaper
stagger
although
toy
perhaps
lane
potato
lodge
inspire
internal
assistance
commonwealth
attractive
soar
costume
sentiment
primarily
drawer
over
shallow
mayor
notably
summarise
archaeological
duty
son
waiter
put
departure
entertainment
highlight
legal
goat
vital
fluctuation
confront
look
lifestyle
entry
potential
embassy
fox
written
explosion
developer
secure
maybe
final
bay
opposite
remarkable
tendency
call
astonishing
corruption
substantial
conductor
comprise
salmon
urine
operate
fortunately
directory
shareholder
compartment
no
spill
filter
chimney
voter
slot
tap
pillar
commons
firm
condition
currently
like
district
approval
insistence
approximately
but
sketch
overseas
pleasant
moor
budget
cinema
sponsor
resident
gothic
conversely
resemble
radical
layout
delicious
stand
unique
midfield
negative
chord
infect
rebellion
turnover
this
widow
scratch
fitting
delicate
superb
accurately
gently
weekend
depressed
operation
optical
ground
honour
pattern
stuff
patron
persist
rehearsal
renewed
softly
housewife
monopoly
justify
province
never
artistic
likely
financial
peak
uncle
stimulation
nationally
yell
subscription
diagnosis
emotion
initially
carve
polymer
mount
stain
pit
top
pension
driving
aids
relative
labourer
think
overcome
differentiate
inspector
definite
festival
analysis
course
door
organism
unsuccessful
regime
supermarket
rip
nearly
spray
consciousness
envisage
cope
victory
extraordinary
treat
broadcast
hopefully
co-operation
grasp
qualified
courage
those
lie
violation
loan
wire
bitter
liberation
belong
monster
newly
regard
appearance
voluntary
taxpayer
interested
thing
reception
unconscious
peaceful
properly
shoulder
jeans
availability
applicant
structure
ensure
tour
about
coffin
statute
choke
optimism
asset
concentration
killing
stroke
comedy
cluster
waist
gastric
male
attempted
manuscript
absence
remind
stadium
chapter
phone
hint
resulting
roughly
challenge
explicitly
runner
empty
flexible
reveal
cabin
franchise
tourism
connection
hang
clear
norm
distortion
rape
vision
kill
slave
reflection
ball
freight
stair
significance
stag
venture
supporting
restrict
boat
oil
patience
slightly
past
residence
implicit
romantic
please
long
spell
patient
aspect
coat
surgeon
council
conduct
exhibition
pile
practice
completion
marine
confident
encompass
invisible
truly
magnetic
reservoir
constraint
associate
chemical
segment
spot
quality
helpless
computer
alone
reconstruction
business
shrub
protection
poetry
win
calf
aware
island
harmony
grin
affinity
temperature
deed
nominal
deter
dictate
balloon
bureaucracy
jump
journey
scenario
digital
end
may
trench
fairy
precisely
planet
outbreak
metaphor
decline
lose
flourish
repeatedly
nurse
barn
sacrifice
scan
confirmation
territorial
plan
of
estate
tip
pad
photo
permanent
confession
transmit
resolution
personal
phrase
lunch
legacy
vein
rebel
move
sale
establish
natural
nowadays
sexual
isolated
climate
soil
old
elbow
duration
valve
healthy
kit
outline
tax
slow
situation
snatch
mental
authorise
widespread
disturb
sudden
precede
brother
liberty
sickness
topic
reasonably
continental
endure
guitar
supplement
plot
suite
glass
outfit
structural
fear
directly
animal
mature
fierce
angry
dozen
low
extended
slap
writing
love
judicial
mainland
spring
steadily
exclusive
its
variant
pole
sustain
textbook
rather
trail
drive
penalty
historically
swallow
dilemma
solid
concession
presumably
advisory
discourse
warmth
galaxy
repeated
emphasis
lot
declare
down
pilot
exhibit
minute
profitability
unity
founder
bastard
company
criminal
tomato
ham
administrative
silence
adjustment
worth
folk
out
nonsense
specially
away
tight
commentator
apologise
afford
taxi
continually
persistent
printed
river
wage
emphasise
discovery
secretion
sulphur
interpret
articulate
detention
hip
donate
glimpse
occupy
miner
tin
necessary
notice
doubt
national
inevitable
convey
appropriate
alarm
data
approve
hospitality
snap
officially
their
process
fee
chicken
issue
chap
correspond
float
outlook
dive
operational
observer
romance
integrated
ritual
chaos
specify
resentment
shy
space
bridge
surface
sake
scrap
beast
distribution
jointly
permanently
lack
punish
pound
spoon
mentally
performance
logic
boot
distinction
terminate
rose
lost
symbolic
complexity
striker
tumour
teenager
royal
premature
refer
fun
verdict
therefore
formidable
exact
purchase
industry
criticism
gentle
triumph
solidarity
phenomenon
vanish
depart
mistress
split
construction
everybody
creed
graphics
official
nation
coloured
senior
blank
manipulation
allocate
sad
throat
comment
classroom
abruptly
estimate
childhood
you
bus
fade
grammar
mention
wild
clutch
excavation
importance
silent
channel
care
cord
predict
game
residential
boom
unknown
socialism
debut
wicked
postcard
inform
realize
awareness
businessman
glorious
inability
fist
missile
replace
sanction
tumble
something
shower
agony
selective
invade
alert
week
stomach
existing
poor
would
prescribe
literature
enable
initial
another
cognitive
advantage
body
incredibly
under
spokesman
increasing
capability
truth
fraud
insufficient
occur
unless
whip
planning
plunge
thereafter
defendant
join
uphold
rule
moderate
success
conviction
congress
health
nowhere
bond
series
ready
roof
prospect
plenty
characterise
telecommunication
pocket
dancer
aye
barely
boost
referral
closely
rib
fragment
concrete
announcement
offspring
perform
brief
contempt
corps
guarantee
beneficial
obtain
bounce
solution
exceed
embody
need
authority
dawn
because
assault
stranger
reliable
empire
seasonal
surrender
snake
disco
percent
causal
preparation
marsh
string
endless
formulation
contend
department
role
pity
accordance
pain
virus
background
exchange
spoil
influential
system
predecessor
diminish
decision-making
automatic
exhaust
referendum
dangerous
boiler
survival
brewery
guilt
lifespan
pose
honey
certificate
turn
shine
meadow
academy
hour
proposed
rival
mercy
barrel
pledge
electrical
bowel
colour
ignorance
airline
beach
command
cheer
import
reputation
writer
blast
feasible
stimulus
shatter
compare
jar
moral
earn
peace
decent
librarian
still
proprietor
parcel
apply
embarrassing
senate
guardian
ugly
database
twin
following
jurisdiction
see
blind
inclusion
defeat
accusation
increasingly
severely
improvement
odour
expedition
gain
thread
along
fate
girlfriend
quarter
physics
discussion
pale
formally
statement
projection
room
works
clergy
interim
worried
disk
on
mortality
chemistry
prison
nuclear
craftsman
attraction
exclusively
garage
genuine
preservation
restrain
during
imagination
balcony
expectation
culture
voucher
loud
including
dialogue
fat
college
orbit
opinion
awkward
ship
justified
biography
forth
decade
list
parameter
him
beef
nervous
available
programme
era
order
sugar
used
until
view
hire
faction
jerk
increased
cooperation
memorial
tread
critical
occasion
conference
rebuild
strip
elder
sum
equipment
undermine
flame
library
batch
commodity
ok
repay
printer
gravity
himself
substantive
violent
unusual
attitude
straighten
whale
office
myself
okay
left
bored
submission
likelihood
bitch
physician
discuss
consistency
for
tropical
head
laboratory
practically
presume
luxury
session
teenage
funding
carefully
willing
sauce
resolve
circle
urgently
inn
rough
bleed
throughout
amusement
nun
suddenly
influence
excuse
sequence
spine
amount
decoration
bronze
possibility
historic
urgency
distributor
fascinate
homework
latin
sexuality
comparative
elect
portrait
crossing
duck
fortnight
gallery
adult
fork
doing
fly
lifetime
ignore
no-one
kidney
fundamental
particularly
first
boring
major
sympathy
plasma
conservative
proper
bush
wee
palm
computing
tray
average
enemy
privacy
intervene
server
temporary
disadvantage
skull
form
rotten
poorly
electorate
dismissal
closed
capitalism
beauty
reactor
efficient
civic
sympathetic
whenever
aquarium
inner
fetch
insurance
rubbish
fool
smoke
defend
fair
tea
plaster
too
republican
dominance
song
logical
silently
after
bloody
universe
gas
ladder
curriculum
buy
through
dark
tremendous
inject
portion
resume
ferry
despair
unpleasant
electric
surprise
mere
electricity
proposition
committee
favour
conscience
attempt
shared
hydrogen
cow
conversation
former
sing
violence
warning
discourage
convincing
path
adventure
widen
destruction
queen
advice
seminar
plastic
considerably
surrounding
compact
must
sick
ideal
destiny
democrat
warrant
means
virtue
fraction
screen
commerce
acceptable
world
simply
terminal
engineer
exert
explicit
post
marble
novelist
awful
noun
mammal
reality
junction
complaint
wide
investigate
gossip
petrol
linguistic
alive
barrier
principle
difference
approach
soon
strap
painting
train
once
insure
price
bleak
comprehensive
grand
procedure
grip
privileged
standard
timber
various
graph
dentist
cattle
whilst
singer
clash
equally
dispose
greatly
card
white
particular
foolish
bracket
defender
crucial
textile
bucket
pigeon
anyone
harbour
photograph
publish
curtain
temple
desirable
part-time
ancestor
reference
language
control
among
piece
slowly
harmful
ridiculous
drawing
powder
physically
seemingly
president
gravel
explanation
his
sleep
marker
reformer
guard
say
title
black
wedding
bold
dislike
jealous
confidential
ideological
nest
sunshine
passenger
hazard
bath
damage
panel
story
carriage
referee
grave
psychologist
changing
score
ill
domination
vice-president
namely
concept
fashion
star
wall
profitable
almost
lorry
nothing
fix
cotton
copyright
hardware
rejection
grade
limitation
actively
directive
sister
bias
altogether
eat
deliberate
affect
indeed
aggressive
treaty
deposit
sunny
anticipation
sailor
output
pupil
provide
precedent
successfully
league
painter
feast
exploit
fitness
counsellor
flood
knit
arrest
reverse
desert
none
us
shield
respectively
our
consequently
carrot
vacuum
limestone
collapse
occupation
ha
nut
deal
prime
later
pleased
dome
objective
indulge
evening
patent
soul
ceiling
hitherto
cream
secondly
cut
torch
prince
rug
valid
covenant
uncover
historical
constable
manipulate
most
correct
abroad
pitch
deficit
typically
which
brake
entitle
here
lengthy
overwhelming
write
corpse
emission
suit
porter
receiver
weep
successor
feel
pregnant
abolition
headline
organizational
reporter
break
injure
necessarily
tobacco
powerful
adjacent
rhetoric
telly
effectively
proportional
possibly
consultation
consider
leadership
whole
survivor
deprive
donation
fighter
react
mind
pardon
tell
foreigner
gate
burst
repair
pace
conservation
worry
salvation
word
privately
deem
promotion
privatization
attention
change
involved
occupational
mask
optimistic
antibody
feed
ask
champagne
wing
verse
provider
other
green
trolley
historian
accelerate
client
come
nominate
stream
flee
attribute
even
surgery
dust
privilege
deck
lexical
grammatical
pavement
heart
sip
known
toast
examine
solar
majority
compel
actress
tide
worm
meat
vivid
denounce
mirror
predator
infinite
glove
science
taste
tunnel
honourable
tree
reinforce
narrative
machine
anyway
outstanding
watch
bail
temper
customer
inside
easily
forest
tournament
solely
introduce
traveller
impression
purely
canvas
fuck
monk
horrible
discover
haul
rush
achieve
scent
prohibit
naked
duly
pursuit
injunction
really
opt
holding
enjoy
give
mushroom
allegedly
portfolio
literacy
reliance
chorus
cabinet
select
carry
jazz
bourgeois
monthly
darling
milk
blade
woodland
common
liaison
substitute
successive
largely
track
respect
greeting
bit
hide
retail
cleaner
everyday
accommodation
spread
suburb
processing
illuminate
whom
car
lip
width
sleeping
manifestation
specification
short-term
cash
battery
assessment
usually
apparently
aluminium
usage
haunt
molecular
grateful
cooking
unaware
tariff
poem
margin
be
economics
manor
boil
weave
treasurer
loyal
oblige
golden
fiercely
homeless
crop
perceived
adequately
sue
few
offset
happiness
beyond
maintenance
device
relieve
credit
organic
least
experienced
theme
hole
devoted
continuous
nail
static
dancing
conjunction
declaration
distribute
deny
with
deficiency
vicious
chop
breed
blood
alongside
correspondent
applied
subtle
given
tightly
explain
flexibility
plane
lower
happen
statutory
controlled
prepare
follower
sensitivity
reduction
embarrassed
financially
creation
economically
design
intercourse
sure
fall
reportedly
angrily
disability
herd
expertise
breathe
geological
navy
characterize
husband
rare
reason
renewal
subsidiary
task
troop
accused
pond
prejudice
ideally
sexually
faith
outsider
log
placement
volunteer
relaxation
standing
costly
skin
archbishop
virgin
legislature
delighted
geography
completely
cough
height
cheek
feminine
stability
water
exclaim
spelling
vertical
urge
configuration
helmet
acquire
seize
vast
lobby
scene
wipe
presence
semi-final
define
transition
imperial
diameter
overwhelm
tale
poll
strain
squadron
whereas
packet
reflect
protest
dreadful
hurt
spectacular
marketing
damn
if
format
solicitor
neither
jewellery
developing
proud
tail
intact
facade
international
strength
solvent
arch
previous
exotic
bodily
handling
source
ability
chamber
groan
request
evolution
chairman
dictionary
tired
ironically
conceive
intensive
agency
key
continent
cheap
passport
forgive
bargain
node
front
essay
being
sorry
recently
bizarre
gender
native
hunger
deeply
transcription
edition
academic
significantly
cast
retailer
flower
my
salt
matrix
realism
kilometre
distract
till
ashamed
stable
murder
exclude
copy
leave
publishing
so-called
limited
schedule
heavy
eventually
stamp
chart
property
return
existence
assurance
household
imminent
artist
regulate
book
crawl
area
guy
outcome
utility
collector
theorist
salary
appropriately
opportunity
symmetry
ram
only
expense
mate
recommend
winning
main
wagon
hero
steady
heap
integrity
prior
author
agent
proof
store
gaze
promoter
race
monument
vary
strategy
rock
review
cloud
accounting
appetite
emerge
dense
north
rigid
stunning
code
camp
sweat
nor
proposal
indoor
contact
push
leaf
notify
precious
consist
unacceptable
umbrella
mysterious
able
candle
cereal
junior
despite
sore
vector
profile
chronic
observation
swiftly
charming
fight
merge
monkey
remaining
text
illustrate
correctly
entail
versus
raw
refusal
abbey
volume
consolidate
finally
aspiration
emperor
name
respectable
calm
distort
income
hope
comparatively
electron
lung
constant
deadline
show
mile
delivery
visit
grandfather
kind
gather
frame
usual
weak
element
ownership
mist
youth
media
escape
superintendent
economist
bomber
hunt
factory
rub
ease
player
satisfaction
originally
flash
squad
atom
reduced
preach
adequate
threshold
speech
earth
isolation
enthusiastic
bolt
distinct
species
enhanced
truck
requirement
champion
studio
might
compose
judgment
creature
reconcile
simplicity
linen
rural
abuse
emphasize
expel
favourite
everyone
testing
silly
lazy
container
by
afraid
swim
recipient
fare
disappoint
architect
progress
content
tent
pot
far
fixed
practitioner
differently
staircase
diamond
time
up-to-date
recognise
radiation
attachment
dealer
local
cap
intimate
stem
educate
comfortably
pump
gloom
subsequent
celebrate
unfortunately
crisis
fruit
decide
attract
since
jaw
tend
well-known
surplus
concern
attack
approved
whatsoever
uncomfortable
lend
bell
correspondence
joke
recall
political
reasoning
merger
subjective
quest
trainer
doll
maximum
officer
coming
invariably
genius
obey
instructor
badly
voyage
range
fond
assumption
freeze
bet
parliament
descent
mighty
admiration
thereby
representative
dig
glance
external
disappointment
bunch
immediately
survey
presentation
brow
offend
global
great
sentence
error
landing
assistant
unlikely
agreement
leak
developed
exclusion
helicopter
blame
employ
provincial
scientist
neutral
feedback
imprison
menu
glare
learn
offer
biological
caravan
contrary
trial
instrument
prescription
travel
heat
arouse
roll
let
distinguished
terribly
sweep
start
attend
accuracy
onto
murderer
cell
many
telephone
electronic
branch
question
suspend
winter
incentive
debtor
suitable
conventional
deliver
fixture
she
colon
cat
recession
nonetheless
place
heir
informal
acquisition
continue
canal
produce
marvellous
doorway
tape
acre
football
ankle
organisational
why
secret
speaker
scrape
chew
i
cemetery
category
tighten
less
distinguish
sofa
enhance
kneel
provisional
cult
sponsorship
education
tube
hammer
hay
compulsory
vulnerable
pat
temporarily
hers
accept
consent
saying
indicator
qualification
fact
cottage
courtyard
else
effective
horizontal
zone
systematic
integrate
club
choice
ivory
geographical
always
cloth
potentially
suffer
identification
provided
viewpoint
civilization
vegetable
captain
fold
pier
inhibition
wood
method
bye
loss
executive
trace
visible
evidence
figure
fresh
